<?xml version="1.0" encoding="UTF-8" standalone="no"?>
<metadata><idinfo><citation><citeinfo><origin>Institute of Northern Engineering, University of Alaska Fairbanks</origin><pubdate>20081208</pubdate><title>Permafrost Characteristics of Alaska</title><geoform>vector digital data</geoform><pubinfo><pubplace>Fairbanks, Alaska</pubplace><publish>Institute of Northern Engineering</publish></pubinfo><ftname Sync="TRUE">Permafrost_AK_2008_AlbAK83</ftname><onlink>http://catalog.northslope.org</onlink><othercit>Jorgenson, T., Yoshikawa, K., Kanevskiy, M., Shur, Y., Romanovsky, V., Marchenko, S., Grosse, G., Brown, J., and Jones, B (2008). Permafrost characteristics of Alaska – A new permafrost map of Alaska. In: Kane, D.L. and Hinkel, K.M. (eds.), Institute of Northern Engineering, University of Alaska Fairbanks, Extended Abstracts of the Ninth International Conference on Permafrost, June 29-July 3, Fairbanks, Alaska, 2008, pp. 121-122.Jorgenson, T., Yoshikawa, K., Kanevskiy, M., Shur, Y., Romanovsky, V., Marchenko, S., Grosse, G., Brown, J., and Jones, B (2008). Permafrost characteristics of Alaska – A new permafrost map of Alaska. In: Kane, D.L. and Hinkel, K.M. (eds.), Institute of Northern Engineering, University of Alaska Fairbanks, Extended Abstracts of the Ninth International Conference on Permafrost, June 29-July 3, Fairbanks, Alaska, 2008, pp. 121-122.</othercit></citeinfo></citation><descript><abstract>A new permafrost map of Alaska using a terrain-unit approach for mapping permafrost distribution and based on climate and surficial geology was presented in conjunction with the Ninth International Conference on Permafrost held at the University of Alaska, June 29 to July 3, 2008. This map represents the final revisions that were made in December 2008.  This is the third iteration of a permafrost map for Alaska, following the circum-arctic permafrost map (Brown et al. 1997), which made minor modifications to the initial map by Ferrians (1965).    Permafrost zones underlie 80% of Alaska, including continuous  (32%), discontinuous (31%), sporadic (8%), and isolated (10%) permafrost.  Glaciers and ice sheets occupy 4% of the area.  The permafrost map is coded with surficial geology, mean annual air temperature (MAAT), primary soil texture, permafrost extent, ground ice volume, and primary thermokarst landforms.

Original surficial geology compiled from hand delineations on 1:250,000 USGS topo maps.  Significant horizontal errors (1-3kms) can be found when compared with ortho corrected imagery (see process description-FGDC metadata view).  Interpret data at a scale appropriate to state-wide mapping and assessment.

Authors: Torre Jorgenson, Kenji Yoshikawa, Mikhail Kanevskiy, and Yuri Shur University of Alaska Fairbanks, Institute of Northern Engineering, Fairbanks, Alaska, USA
Vladimir Romanovsky, Sergei Marchenko, and Guido Grosse University of Alaska Fairbanks, Geophysical Institute, Fairbanks, Alaska, USA
Jerry Brown International Permafrost Association, Woods Hole, Massachusetts, USA
Ben Jones U.S. Geological Survey, Anchorage, Alaska, USA</abstract><purpose>Original surficial geology compiled from hand delineations on 1:250,000 USGS topo maps.  Significant horizontal errors (1-3kms) can be found when compared with ortho corrected imagery (see process description).  Interpret data at a scale appropriate to state-wide mapping and assessment.</purpose><supplinf>To map permafrost, the authors developed a rule-based model that incorporated mean annual air temperatures (MAAT) from the PRISM climate map and the surficial geology map of Karlstrom et al. (1964). We used terrain permafrost relationships developed by Kreig and Reger (1982) and our knowledge of permafrost distribution to assign permafrost characteristics to each surficial deposit under varying temperatures.         

Surficial geology greatly affects permafrost characteristics because of differences in topography, soil texture (which affects moisture and thermal properties) and hydrology (surface-water and groundwater).  The authors modified the surficial geology map (Karlstrom, et.al., 1964) to update some areas with new information (e.g., eolian loess and sand, and glaciomarine deposits).         

The map focuses on the top 10 m of permafrost, where permafrost can be more readily mapped from surface features, determined by simple field measurements, and where ground ice usually is most abundant. Distribution of permafrost shown on the map is therefore also based on our knowledge about the presence or absence of permafrost within the upper 10 m. Although MAAT was used in our rule-based model, we note that permafrost distribution is greatly affected by past climates.   

Sources for permafrost thickness values included: MacCarthy (1952), Brewer (1958), Ferrians (1965), Péwé (1975), Osterkamp and Payne (1981), Lachenbruch et al. (1987), and Collett et al. (1989). Depths were determined by temperature logging or interpretation of ice-bearing permafrost from geophysical data. Southerly sites are included when the presence of permafrost is evident even if permafrost thicknesses were not determined.          

The distribution of ice wedges was determined from the literature, from polygonal patterns evident on remote sensing imagery, and from our field experience. Ice wedges actively form mainly in the continuous permafrost zone, and are inactive to weakly active in the discontinuous zone (Péwé, 1975). Holocene ice wedges, which are limited to the top 3-5 m of permafrost, are smaller than large, deep (up to 35 m) syngenetic ice wedges formed during the Late Pleistocene. Symbols for abundant ice wedges denote general locations, whereas, symbols for sparse Holocene and Late Pleistocene wedges indicate specific areas, though distribution remains poorly known.        

Thermokarst landforms are abundant in all permafrost zones (Jorgenson et al. 2008). They are varied, due to differences in temperature, ground ice volume, soil texture, slope, and hydrologic conditions. Abundance of thermokarst is difficult to map because of the wide range in size of features from small pits to large lakes, and similar landforms may have different origin.          

Many improvements are needed for a better permafrost map, including: a surficial geology map with updated information and better spatial accuracy; more information of terrain/ground ice/temperature/permafrost relationships, more temperature boreholes, and improved spatial models.      

References:  
Brewer, M.C. 1958. Some results of geothermal investigations of permafrost in northern Alaska. Trans. Amer. Geophys. Union 39(1): 19-26.   
Brown, J.B., Ferrians, O.J., Heginbottom, J.A. &amp; Melnikov, E.S. 1997. Circum-arctic map of permafrost and ground-ice conditions. U.S. Geol. Surv., Map CP-45, scale 1:10,000,000.   
Brown, J. &amp; Romanovsky, V.E. 2008. Report from the International Permafrost Association: State of Permafrost in the First Decade of the 21st Century. Permafrost and Periglacial Processes 19: 255-260.   
Collett, T.S., Bird, K.J., Kvenvolden, K.A. &amp; Magoon, L.B. 1989. Map showing the depth to the base of the deepest ice-bearing permafrost as determined from well logs, North Slope, Alaska. U.S. Geol. Surv. Oil Gas Inv. Map OM-222, scale 1: 1,000,000.   
Ferrians, O.J. 1965. Permafrost map of Alaska. U.S. Geol. Surv. Misc. Geol. Inv. Map I-445, scale 1: 2,500,000.
Galloway, J.P. &amp; Carter, L.D. 1978. Preliminary map of pingos in National Petroleum Reserve in Alaska. U.S. Geol. Surv. OF 78-795.   
Holmes, G.W., Hopkins, D.M. &amp; Foster, H.L. 1968. Pingos in central Alaska. U.S. Geol. Surv. Bull. 1241-H: 1-40.
Jorgenson, M.T., Shur, Y. &amp; Osterkamp, T.E. 2008. Thermokarst in Alaska. Proc. Ninth International Permafrost Conf., Fairbanks. In press.   
Karlstrom, T.N.V. and others. 1964. Surficial geology of Alaska. U.S. Geol. Surv., Misc. Geol. Inv. Map I-357, scale 1:1,584,000.   
Kreig, R.A. &amp; Reger, R.D. 1982. Air-photo analysis and summary of landform soil properties along the route of the Trans-Alaska Pipeline System. Alaska Div. Geol. Geophys. Surv., Geologic Rep. 66, 149 pp.   
Lachenbruch, A.H., Sass, J.H., Lawyer, L.A., Brewer, M.C., and five others. 1987. Temperature and depth of permafrost on the Alaskan Arctic Slope. In: Alaska North Slope Geology. Alaska Geol. Soc., Book 50, Vol. 2: 545- 558. 
MacCarthy, G.R. 1952. Geothermal investigations on the Arctic Slope Alaska. Trans. Amer. Geophys. Union 33(4): 589-593.   
Osterkamp, T.E. &amp; Payne, M.W. 1981. Estimates of permafrost thickness from well logs in northern AK. Cold Reg. Sci Tech. 5: 13-27.   
Péwé, T.L. 1975. Quaternary geology of Alaska. U.S. Geol. Surv. Prof. Pap. 836, 145 pp.  
Walker, D.A., Walker, M.D., Everett, K.R. &amp; Webber, P.J. 1985. Pingos of the Prudhoe Bay region, AK. Arctic Alp. Res. 17: 321-336.</supplinf><langdata Sync="TRUE">en</langdata></descript><timeperd><timeinfo><rngdates><begdate>19550101</begdate><enddate>20101208</enddate></rngdates></timeinfo><current>publication date</current></timeperd><status><progress>Complete</progress><update>Irregular</update></status><spdom><bounding><westbc Sync="TRUE">-180.000000</westbc><eastbc Sync="TRUE">180.000000</eastbc><northbc Sync="TRUE">71.407147</northbc><southbc Sync="TRUE">50.757068</southbc></bounding><lboundng><leftbc Sync="TRUE">-1725144.016587</leftbc><rightbc Sync="TRUE">1491632.698220</rightbc><bottombc Sync="TRUE">410061.749838</bottombc><topbc Sync="TRUE">2378559.924016</topbc></lboundng></spdom><keywords><theme><themekt>ESRI Geography Network Thesaurus</themekt><themekey>geoscientificInformation</themekey></theme><place><placekt>None</placekt><placekey>Alaska</placekey></place></keywords><accconst>Public</accconst><useconst>Original surficial geology compiled from hand delineations on 1:250,000 USGS topo maps.  Significant horizontal errors (1-3kms) can be found when compared with ortho corrected imagery (see process description).  Interpret data at a scale appropriate to state-wide mapping and assessment.</useconst><ptcontac><cntinfo><cntorgp><cntorg>Alaska Ecoscience</cntorg><cntper>Torre Jorgenson</cntper></cntorgp><cntpos>Lead</cntpos><cntaddr><addrtype>mailing</addrtype><address>2332 Cordes Way</address><city>Fairbanks</city><state>Alaska</state><postal>99709</postal><country>USA</country></cntaddr><cntvoice>Please contact us via email.</cntvoice><cntemail>ecosience@alaska.net</cntemail><hours>anytime</hours></cntinfo></ptcontac><native Sync="TRUE">Microsoft Windows XP Version 5.1 (Build 2600) Service Pack 3; ESRI ArcCatalog 9.3.0.1770</native><natvform Sync="TRUE">Shapefile</natvform><crossref><citeinfo><origin>Institute of Northern Engineering</origin><pubdate>12/2010</pubdate><title>Permafrost Characteristics of Alaska</title><edition>First</edition><geoform>vector digital data</geoform><othercit>Jorgenson, T., Yoshikawa, K., Kanevskiy, M., Shur, Y., Romanovsky, V., Marchenko, S., Grosse, G., Brown, J., and Jones, B (2008). Permafrost characteristics of Alaska – A new permafrost map of Alaska. In: Kane, D.L. and Hinkel, K.M. (eds.), Institute of Northern Engineering, University of Alaska Fairbanks, Extended Abstracts of the Ninth International Conference on Permafrost, June 29-July 3, Fairbanks, Alaska, 2008, pp. 121-122.Jorgenson, T., Yoshikawa, K., Kanevskiy, M., Shur, Y., Romanovsky, V., Marchenko, S., Grosse, G., Brown, J., and Jones, B (2008). Permafrost characteristics of Alaska – A new permafrost map of Alaska. In: Kane, D.L. and Hinkel, K.M. (eds.), Institute of Northern Engineering, University of Alaska Fairbanks, Extended Abstracts of the Ninth International Conference on Permafrost, June 29-July 3, Fairbanks, Alaska, 2008, pp. 121-122.</othercit><lworkcit><citeinfo><origin>Institute of Northern Engineering</origin><title>Permafrost Characteristics of Alaska</title><othercit>Jorgenson, T., Yoshikawa, K., Kanevskiy, M., Shur, Y., Romanovsky, V., Marchenko, S., Grosse, G., Brown, J., and Jones, B (2008). Permafrost characteristics of Alaska – A new permafrost map of Alaska. In: Kane, D.L. and Hinkel, K.M. (eds.), Institute of Northern Engineering, University of Alaska Fairbanks, Extended Abstracts of the Ninth International Conference on Permafrost, June 29-July 3, Fairbanks, Alaska, 2008, pp. 121-122.Jorgenson, T., Yoshikawa, K., Kanevskiy, M., Shur, Y., Romanovsky, V., Marchenko, S., Grosse, G., Brown, J., and Jones, B (2008). Permafrost characteristics of Alaska – A new permafrost map of Alaska. In: Kane, D.L. and Hinkel, K.M. (eds.), Institute of Northern Engineering, University of Alaska Fairbanks, Extended Abstracts of the Ninth International Conference on Permafrost, June 29-July 3, Fairbanks, Alaska, 2008, pp. 121-122.</othercit><onlink>www.catalog.northslope.org</onlink></citeinfo></lworkcit><onlink>http://catalog.northslope.org</onlink></citeinfo></crossref><secinfo/><datacred>Authors: Torre Jorgenson, Kenji Yoshikawa, Mikhail Kanevskiy, and Yuri Shur University of Alaska Fairbanks, Institute of Northern Engineering, Fairbanks, Alaska, USA

Vladimir Romanovsky, Sergei Marchenko, and Guido Grosse University of Alaska Fairbanks, Geophysical Institute, Fairbanks, Alaska, USA

Jerry Brown International Permafrost Association, Woods Hole, Massachusetts, USA

Ben Jones U.S. Geological Survey, Anchorage, Alaska, USA</datacred></idinfo><dataqual><attracc><attraccr>All attributes created during the creation process were verified by displaying the points in both the database and the spatial coverage, but no formal tests were performed.</attraccr></attracc><logic>Topologically clean as verified by ArcGIS version 8.x/9.x</logic><complete>Data set complete</complete><posacc><horizpa><horizpar>Map accuracy standards for 1:1.5Million scale.  Data compilation from hand delineations on 1:250,000 mapsheets.  Horizontal errors of up to 1-3kms can be found in comparison to ortho corrected imagery.</horizpar><qhorizpa><horizpav>2500</horizpav><horizpae>.02 inch equals 30000/12 feet</horizpae></qhorizpa></horizpa></posacc><lineage><srcinfo><srccite><citeinfo><origin>USGS/NPS</origin><pubdate>19990114</pubdate><title>USGS maps titled Miscellaneous Geologic Investigations (West)  I-357 and Miscellaneous Geological Investigations (East) I-357 in association with the work of Karlstrom et. al. ,1964.</title><geoform>map</geoform><pubinfo><pubplace>Anchorage, AK</pubplace><publish>USGS</publish></pubinfo><othercit>Automation of USGS surficial geology by National Park Service, 240 W 5th Ave., Anchorage, Alaska. </othercit><onlink>file://\\165.83.60.63\GisData\albers\base\physical\statewid\surfgeol</onlink></citeinfo></srccite><srcscale>1584000</srcscale><typesrc>paper</typesrc><srctime><timeinfo><rngdates><begdate>19550101</begdate><enddate>19600101</enddate></rngdates></timeinfo><srccurr>publication date</srccurr></srctime><srccitea>Karlstrom et al, 1964</srccitea><srccontr>Surficial geology interpretation for State of Alaska.</srccontr></srcinfo><procstep><procdesc>Original surficial geology created by contractor Greenhorne &amp; O'Mara, Inc using USGS maps to produce ArcInfo coverage for National Park Service (NPS) using following process: Mylar sheets were overlain on the hard-copy geologic survey maps. Corner tics were etched on the mylar overlays with a rapidiograph pen. Utilizing a light table, the Qcode extents, indicated by the colored polygons on the hard-copy maps, were traced onto the mylar overlays with rapidiograph pens. Intersecting latitude/longitude tics were indicated and labeled for reference. The resultant inked mylar overlays were scanned and output into TIF format Utilizing the SRV software package, the linework was autovectorized. After vectorization, the linework was imported and the file was attributed. The coverages provided by NPS contained tics that represented real world coordinate values. The new coverages were transformed into the provided coverages. The project specification dictated that the NPS provided coverages supercede the older data set in cases of conflict (e.g., differing coastline features.) "Qcode" attributes were assigned; utilizing the ARC/INFO software package QC Plots were created for each individual map. Visual quality assurance was conducted by overlaying each plot on the corresponding geologic maps. The separate coverages were edgematched and dissolved into one coverage. NPS received interim checkplots and digital data for internal QC. Final edits were performed at contractor facility. Final digital quality assurance was conducted., Report was finalized and surficial geology product was produced for NPS.  To map permafrost, we developed a rule-based model that incorporated mean annual air temperatures (MAAT) from the PRISM climate map and the surficial geology map. We used terrain permafrost relationships developed by Kreig and Reger (1982) and our knowledge of permafrost distribution to assign permafrost characteristics to each surficial deposit under varying temperatures.   Surficial geology greatly affects permafrost characteristics because of differences in topography, soil texture (which affects moisture and thermal properties) and hydrology (surface-water and groundwater).  We modified the surficial geology map (Karlstrom, et.al., 1964) to update some areas with new information (e.g., eolian loess and sand, and glaciomarine deposits).</procdesc><srcused>USGS</srcused><procdate>19990114</procdate><proccont><cntinfo><cntperp><cntper>Torre Jorgenson</cntper><cntorg>Alaska Ecoscience</cntorg></cntperp><cntpos>Lead</cntpos><cntaddr><addrtype>mailing and physical address</addrtype><address>2332 Cordes Way</address><city>Fairbanks</city><state>Alaska</state><postal>99709</postal><country>USA</country></cntaddr><cntvoice>Please contact us via email.</cntvoice><cntemail>ecosience@alaska.net</cntemail><hours>anytime</hours></cntinfo></proccont></procstep><procstep><procdesc Sync="TRUE">Dataset copied.</procdesc><srcused Sync="TRUE">C:\NSSIData\newdata\torredata\torre_newstuff\permafrost2008\Permafrost_AK_2008_AlbAK83</srcused><procdate Sync="TRUE">20101118</procdate><proctime Sync="TRUE">12560300</proctime></procstep></lineage></dataqual><spdoinfo><direct>Vector</direct><ptvctinf><esriterm Name="alaska_perma_land"><efeatyp Sync="TRUE">Simple</efeatyp><efeageom code="4" Sync="TRUE"></efeageom><esritopo Sync="TRUE">FALSE</esritopo><efeacnt Sync="TRUE">8991</efeacnt><spindex Sync="TRUE">TRUE</spindex><linrefer Sync="TRUE">FALSE</linrefer></esriterm></ptvctinf></spdoinfo><spref><horizsys><geodetic><horizdn Sync="TRUE">North American Datum of 1983</horizdn><ellips Sync="TRUE">Geodetic Reference System 80</ellips><semiaxis Sync="TRUE">6378137.000000</semiaxis><denflat Sync="TRUE">298.257222</denflat></geodetic><cordsysn><geogcsn Sync="TRUE">GCS_North_American_1983</geogcsn><projcsn Sync="TRUE">NAD_1983_Alaska_Albers</projcsn></cordsysn><planar><planci><plance Sync="TRUE">coordinate pair</plance><plandu Sync="TRUE">meters</plandu><coordrep><absres Sync="TRUE">0.000000</absres><ordres Sync="TRUE">0.000000</ordres></coordrep></planci></planar></horizsys></spref><eainfo><overview></overview><detailed Name="alaska_perma_land"><enttyp><enttypl Sync="TRUE">alaska_perma_land</enttypl><enttypt Sync="TRUE">Feature Class</enttypt><enttypc Sync="TRUE">8991</enttypc><enttypd>arc attribute table</enttypd><enttypds>ESRI</enttypds></enttyp><attr><attrlabl Sync="TRUE">FID</attrlabl><attalias Sync="TRUE">FID</attalias><attrtype Sync="TRUE">OID</attrtype><attwidth Sync="TRUE">4</attwidth><atprecis Sync="TRUE">0</atprecis><attscale Sync="TRUE">0</attscale><attrdef Sync="TRUE">Internal feature number.</attrdef><attrdefs Sync="TRUE">ESRI</attrdefs><attrdomv><udom Sync="TRUE">Sequential unique whole numbers that are automatically generated.</udom></attrdomv></attr><attr><attrlabl Sync="TRUE">Shape</attrlabl><attalias Sync="TRUE">Shape</attalias><attrtype Sync="TRUE">Geometry</attrtype><attwidth Sync="TRUE">0</attwidth><atprecis Sync="TRUE">0</atprecis><attscale Sync="TRUE">0</attscale><attrdef Sync="TRUE">Feature geometry.</attrdef><attrdefs Sync="TRUE">ESRI</attrdefs><attrdomv><udom Sync="TRUE">Coordinates defining the features.</udom></attrdomv></attr><attr><attrlabl Sync="TRUE">AREA</attrlabl><attalias Sync="TRUE">AREA</attalias><attrtype Sync="TRUE">Single</attrtype><attwidth Sync="TRUE">13</attwidth><attrdef></attrdef><attrdomv><rdom><rdommin>4.06250001105946E-06</rdommin><rdommax>33578.1015625</rdommax><rdommean>301.919638701205</rdommean><rdomstdv>1255.84838441771</rdomstdv></rdom></attrdomv><atprecis Sync="TRUE">0</atprecis><attscale Sync="TRUE">0</attscale></attr><attr><attrlabl Sync="TRUE">PERIMETER</attrlabl><attalias Sync="TRUE">PERIMETER</attalias><attrtype Sync="TRUE">Single</attrtype><attwidth Sync="TRUE">13</attwidth><attrdef></attrdef><attrdomv><rdom><rdommin>1.74515005201101E-02</rdommin><rdommax>5860.9599609375</rdommax><rdommean>101.302071674868</rdommean><rdomstdv>281.016059067133</rdomstdv></rdom></attrdomv><atprecis Sync="TRUE">0</atprecis><attscale Sync="TRUE">0</attscale></attr><attr><attrlabl Sync="TRUE">DEPOSITTYP</attrlabl><attalias Sync="TRUE">DEPOSITTYP</attalias><attrtype Sync="TRUE">String</attrtype><attwidth Sync="TRUE">30</attwidth><attrdef>Depositional Type</attrdef><attrdomv><edom><edomv>ALLUVIAL FAN</edomv></edom><edom><edomv>ALLUVIAL TERRACE</edomv></edom><edom><edomv>ALLUVIUM OVER OLD ALLUVIUM</edomv></edom><edom><edomv>BEACH</edomv></edom><edom><edomv>BEDROCK &amp; COARSE RUBBLE</edomv></edom><edom><edomv>COARSE &amp; FINE RUBBLE</edomv></edom><edom><edomv>COASTAL DELTA</edomv></edom><edom><edomv>CURRENT GLACIAL OUTWASH</edomv></edom><edom><edomv>CURRENT MORAINE</edomv></edom><edom><edomv>FINE RUBBLE</edomv></edom><edom><edomv>FLOODPLAIN</edomv></edom><edom><edomv>GLACIER</edomv></edom><edom><edomv>Glaciomarine</edomv></edom><edom><edomv>HIGHLY MODIFIED MORAINE</edomv></edom><edom><edomv>LAKE</edomv></edom><edom><edomv>LIGHTLY MODIFIED MORAINE</edomv></edom><edom><edomv>MODERATELY MODIFIED MORAINE</edomv></edom><edom><edomv>OLD GLACIAL OUTWASH</edomv></edom><edom><edomv>OLD MARINE &amp; ALLUVIUM</edomv></edom><edom><edomv>PRO-GLACIER LAKE OVER MORAINE</edomv></edom><edom><edomv>PROGLACIAL LAKE</edomv></edom><edom><edomv>RIVER</edomv></edom><edom><edomv>SAND DUNE</edomv></edom><edom><edomv>UNDIF</edomv></edom><edom><edomv>UNDIFFERENTIATED MOSAIC</edomv></edom><edom><edomv>UPLAND LOESS</edomv></edom><edom><edomv>VALLEY LOESS &amp; ALLUVIUM</edomv></edom><edom><edomv>VOLCANIC</edomv></edom></attrdomv><atprecis Sync="TRUE">0</atprecis><attscale Sync="TRUE">0</attscale></attr><attr><attrlabl Sync="TRUE">DEPOSITNAM</attrlabl><attalias Sync="TRUE">DEPOSITNAM</attalias><attrtype Sync="TRUE">String</attrtype><attwidth Sync="TRUE">40</attwidth><attrdef>Deposity Type</attrdef><attrdomv><edom><edomv>GLACIO-LACUSTRINE</edomv></edom><edom><edomv>COASTAL</edomv></edom><edom><edomv>EOLIAN</edomv></edom><edom><edomv>EOLIAN SILT</edomv></edom><edom><edomv>FLUVIAL</edomv></edom><edom><edomv>GLACIAL MORAINES &amp; DRIFT</edomv></edom><edom><edomv>GLACIO-FLUVIAL</edomv></edom><edom><edomv>GLACIO-LACUSTRINE</edomv></edom><edom><edomv>Glaciomarine</edomv></edom><edom><edomv>ICE</edomv></edom><edom><edomv>MOUNTAIN ALLUVIUM &amp; COLLUVIUM</edomv></edom><edom><edomv>UNDI</edomv></edom><edom><edomv>UNDIFFERENTIATED ALLUVIUM &amp; COLLUVIUM</edomv></edom><edom><edomv>WATER</edomv></edom></attrdomv><atprecis Sync="TRUE">0</atprecis><attscale Sync="TRUE">0</attscale></attr><attr><attrlabl Sync="TRUE">ECOREGION</attrlabl><attalias Sync="TRUE">ECOREGION</attalias><attrtype Sync="TRUE">String</attrtype><attwidth Sync="TRUE">30</attwidth><attrdef>Ecoregion</attrdef><attrdomv><edom><edomv>Aklun Mountains</edomv></edom><edom><edomv>Alaska Peninsula</edomv></edom><edom><edomv>Alaska Range</edomv></edom><edom><edomv>Aleutian Islands</edomv></edom><edom><edomv>Alexander Archipelago</edomv></edom><edom><edomv>Beaufort Coastal Plain</edomv></edom><edom><edomv>Bering Sea Islands</edomv></edom><edom><edomv>Boundary Ranges</edomv></edom><edom><edomv>Bristol Bay Lowlands</edomv></edom><edom><edomv>Brooks Foothills</edomv></edom><edom><edomv>Brooks Range</edomv></edom><edom><edomv>Chugach-St. Elias Mountains</edomv></edom><edom><edomv>Cook Inlet Basin</edomv></edom><edom><edomv>Copper River Basin</edomv></edom><edom><edomv>Davidson Mountains</edomv></edom><edom><edomv>Gulf of Alaska Coast</edomv></edom><edom><edomv>Kluane Range</edomv></edom><edom><edomv>Kobuk Ridges and Valleys</edomv></edom><edom><edomv>Kodiak Island</edomv></edom><edom><edomv>Kotzebue Sound Lowlands</edomv></edom><edom><edomv>Kuskokwim Mountains</edomv></edom><edom><edomv>Lime Hills</edomv></edom><edom><edomv>North Olgivie Mountains</edomv></edom><edom><edomv>Nulato Hills</edomv></edom><edom><edomv>Ray Mountains</edomv></edom><edom><edomv>Seward Peninsula</edomv></edom><edom><edomv>Tanana-Kuskokwim Lowlands</edomv></edom><edom><edomv>Wrangell Mountains</edomv></edom><edom><edomv>Yukon-Kuskokwim Delta</edomv></edom><edom><edomv>Yukon-Old Crow Basin</edomv></edom><edom><edomv>Yukon-Tanana Uplands</edomv></edom><edom><edomv>Yukon River Lowlands</edomv></edom></attrdomv><atprecis Sync="TRUE">0</atprecis><attscale Sync="TRUE">0</attscale></attr><attr><attrlabl Sync="TRUE">PF_EXTENT</attrlabl><attalias Sync="TRUE">PF_EXTENT</attalias><attrtype Sync="TRUE">String</attrtype><attwidth Sync="TRUE">5</attwidth><attrdef>Permafrost Extent</attrdef><attrdomv><edom><edomv>C</edomv><edomvd>Continuous (&gt;90%)</edomvd></edom><edom><edomv>D</edomv><edomvd>Discontinuous (50-90%)</edomvd></edom><edom><edomv>G</edomv><edomvd>Glacier</edomvd></edom><edom><edomv>I</edomv><edomvd>Isolated (&gt;0-10%)</edomvd></edom><edom><edomv>S</edomv><edomvd>Sporadic (10-50%)</edomvd></edom><edom><edomv>U</edomv><edomvd>Unfrozen</edomvd></edom><edom><edomv>W</edomv><edomvd>Large Waterbodies (unfrozen below)</edomvd></edom></attrdomv><atprecis Sync="TRUE">0</atprecis><attscale Sync="TRUE">0</attscale></attr><attr><attrlabl Sync="TRUE">MAAT_NUMB</attrlabl><attalias Sync="TRUE">MAAT_NUMB</attalias><attrtype Sync="TRUE">Integer</attrtype><attwidth Sync="TRUE">10</attwidth><attrdef>Mean Annual Air Temperature (degrees centigrade)</attrdef><attrdomv><rdom><rdommin>-12</rdommin><rdommax>7</rdommax><rdommean>-2.13695814648729</rdommean><rdomstdv>4.6725041292749</rdomstdv></rdom></attrdomv><atprecis Sync="TRUE">10</atprecis><attscale Sync="TRUE">0</attscale></attr><attr><attrlabl Sync="TRUE">ThrmoKarst</attrlabl><attalias Sync="TRUE">ThrmoKarst</attalias><attrtype Sync="TRUE">String</attrtype><attwidth Sync="TRUE">50</attwidth><attrdef>Thermokarst Type</attrdef><attrdomv><edom><edomv>Bogs, Fens</edomv></edom><edom><edomv>Deep Lakes, Slumps, Troughs, Pits, Sinks</edomv></edom><edom><edomv>Deep Thermokarst Lakes, Basins</edomv></edom><edom><edomv>Deep Thermokarst Lakes, Basins, Troughs, Pits</edomv></edom><edom><edomv>Deep TK Lakes, TK Basins, Troughs, Pits</edomv></edom><edom><edomv>Glacial Thermokarst (TK Lakes, Thaw Slumps)</edomv></edom><edom><edomv>NA</edomv></edom><edom><edomv>NA (Glacier)</edomv></edom><edom><edomv>Shallow TK Lakes, Basins, Troughs, Pits</edomv></edom><edom><edomv>Shallow TK Lakes, Bogs, Fens</edomv></edom><edom><edomv>Shallow TK Lakes, TK Basins, Troughs, Pits</edomv></edom><edom><edomv>Slumps, Pits, Sinks</edomv></edom><edom><edomv>Thaw Slumps, Gullies, Water Tracks</edomv></edom><edom><edomv>Thaw Stable, Ice-poor</edomv></edom><edom><edomv>Thaw Stable: Ice-poor</edomv></edom><edom><edomv>Troughs, Pits</edomv></edom></attrdomv><atprecis Sync="TRUE">0</atprecis><attscale Sync="TRUE">0</attscale></attr><attr><attrlabl Sync="TRUE">GROUND_ICE</attrlabl><attalias Sync="TRUE">GROUND_ICE</attalias><attrtype Sync="TRUE">String</attrtype><attwidth Sync="TRUE">50</attwidth><atprecis Sync="TRUE">0</atprecis><attscale Sync="TRUE">0</attscale></attr><attr><attrlabl Sync="TRUE">LITHOLOGY</attrlabl><attalias Sync="TRUE">LITHOLOGY</attalias><attrtype Sync="TRUE">String</attrtype><attwidth Sync="TRUE">50</attwidth><atprecis Sync="TRUE">0</atprecis><attscale Sync="TRUE">0</attscale></attr><attr><attrlabl Sync="TRUE">GEN_GEOL</attrlabl><attalias Sync="TRUE">GEN_GEOL</attalias><attrtype Sync="TRUE">String</attrtype><attwidth Sync="TRUE">100</attwidth><atprecis Sync="TRUE">0</atprecis><attscale Sync="TRUE">0</attscale></attr><attr><attrlabl Sync="TRUE">PERMA_LAND</attrlabl><attalias Sync="TRUE">PERMA_LAND</attalias><attrtype Sync="TRUE">String</attrtype><attwidth Sync="TRUE">100</attwidth><atprecis Sync="TRUE">0</atprecis><attscale Sync="TRUE">0</attscale></attr><attr><attrlabl Sync="TRUE">ECOZONE</attrlabl><attalias Sync="TRUE">ECOZONE</attalias><attrtype Sync="TRUE">String</attrtype><attwidth Sync="TRUE">50</attwidth><atprecis Sync="TRUE">0</atprecis><attscale Sync="TRUE">0</attscale></attr><attr><attrlabl Sync="TRUE">ECOZID</attrlabl><attalias Sync="TRUE">ECOZID</attalias><attrtype Sync="TRUE">Integer</attrtype><attwidth Sync="TRUE">10</attwidth><atprecis Sync="TRUE">10</atprecis><attscale Sync="TRUE">0</attscale></attr><attr><attrlabl Sync="TRUE">PERMID</attrlabl><attalias Sync="TRUE">PERMID</attalias><attrtype Sync="TRUE">Integer</attrtype><attwidth Sync="TRUE">10</attwidth><atprecis Sync="TRUE">10</atprecis><attscale Sync="TRUE">0</attscale></attr></detailed></eainfo><distinfo><distrib><cntinfo><cntperp><cntper>Torre Jorgenson</cntper><cntorg>Alaska Ecoscience</cntorg></cntperp><cntpos>Lead</cntpos><cntaddr><addrtype>mailing</addrtype><address>2332 Cordes Way</address><city>Fairbanks</city><state>Alaska</state><postal>99709</postal><country>USA</country></cntaddr><cntvoice>Please contact us via email.</cntvoice><cntemail>ecosience@alaska.net</cntemail><hours>anytime</hours><cntfax></cntfax></cntinfo><cntinfo><cntperp><cntper>Torre Jorgenson</cntper><cntorg>Alaska Ecoscience</cntorg></cntperp><cntpos>Lead</cntpos><cntaddr><addrtype>mailing</addrtype><address>2332 Cordes Way</address><city>Fairbanks</city><state>Alaska</state><postal>99709</postal><country>USA</country></cntaddr><cntvoice>Please contact us via email.</cntvoice><cntemail>ecosience@alaska.net</cntemail><hours>anytime</hours><cntfax></cntfax></cntinfo><cntinfo><cntperp><cntper>Torre Jorgenson</cntper><cntorg>Alaska Ecoscience</cntorg></cntperp><cntpos>Lead</cntpos><cntaddr><addrtype>mailing</addrtype><address>2332 Cordes Way</address><city>Fairbanks</city><state>Alaska</state><postal>99709</postal><country>USA</country></cntaddr><cntvoice>Please contact us via email.</cntvoice><cntemail>ecosience@alaska.net</cntemail><hours>anytime</hours><cntfax></cntfax></cntinfo></distrib><resdesc>Permafrost Characteristics of Alaska</resdesc><distliab>none</distliab><stdorder><digform><digtinfo><formname>ESRI data format, dependent upon request</formname><transize Sync="TRUE">15.673</transize><dssize Sync="TRUE">15.673</dssize></digtinfo><digtopt><onlinopt><computer><networka><networkr>http://catalog.northslope.org</networkr></networka></computer></onlinopt></digtopt></digform><fees>To be determined at time of order</fees></stdorder></distinfo><metainfo><metc><cntinfo><cntorgp><cntorg>Alaska Ecoscience</cntorg><cntper>Torre Jorgenson</cntper></cntorgp><cntpos>Lead</cntpos><cntaddr><addrtype>mailing</addrtype><address>2332 Cordes Way</address><city>Fairbanks</city><state>Alaska</state><postal>99709</postal><country>USA</country></cntaddr><cntvoice>Please contact us via email.</cntvoice><cntemail>ecosience@alaska.net</cntemail><hours>anytime</hours><cntfax></cntfax></cntinfo></metc><metstdn>FGDC CSDGM</metstdn><metstdv>FGDC-STD-001-1998</metstdv><mettc>local time</mettc><metd Sync="TRUE">20101118</metd><langmeta Sync="TRUE">en</langmeta></metainfo><Esri><CreaDate>20161101</CreaDate><CreaTime>11005400</CreaTime><SyncOnce>FALSE</SyncOnce><ModDate>20161110</ModDate><ModTime>10424700</ModTime><SyncDate>20161110</SyncDate><SyncTime>10424700</SyncTime><ArcGISFormat>1.0</ArcGISFormat><ArcGISstyle>INSPIRE Metadata Directive</ArcGISstyle><DataProperties><itemProps><itemName Sync="TRUE">alaska_perma_land</itemName><imsContentType Sync="TRUE">002</imsContentType><itemSize Sync="TRUE">7.616</itemSize><itemLocation><linkage Sync="TRUE">file://\\dmawi\potsdam\data\geo6\HGF_Boike\ALERT\PeRL\02_data\pangaea\alaska_perma_land.shp</linkage><protocol Sync="TRUE">Local Area Network</protocol></itemLocation><nativeExtBox><westBL Sync="TRUE">-1909430.257249</westBL><eastBL Sync="TRUE">-388161.286642</eastBL><southBL Sync="TRUE">1756611.603106</southBL><northBL Sync="TRUE">3397099.639076</northBL><exTypeCode Sync="TRUE">1</exTypeCode></nativeExtBox></itemProps><coordRef><type Sync="TRUE">Projected</type><geogcsn Sync="TRUE">GCS_WGS_1984</geogcsn><csUnits Sync="TRUE">Linear Unit: Meter (1.000000)</csUnits><projcsn Sync="TRUE">North_Pole_Lambert_Azimuthal_Equal_Area</projcsn><peXml Sync="TRUE">&lt;ProjectedCoordinateSystem xsi:type='typens:ProjectedCoordinateSystem' xmlns:xsi='http://www.w3.org/2001/XMLSchema-instance' xmlns:xs='http://www.w3.org/2001/XMLSchema' xmlns:typens='http://www.esri.com/schemas/ArcGIS/10.4'&gt;&lt;WKT&gt;PROJCS[&amp;quot;North_Pole_Lambert_Azimuthal_Equal_Area&amp;quot;,GEOGCS[&amp;quot;GCS_WGS_1984&amp;quot;,DATUM[&amp;quot;D_WGS_1984&amp;quot;,SPHEROID[&amp;quot;WGS_1984&amp;quot;,6378137.0,298.257223563]],PRIMEM[&amp;quot;Greenwich&amp;quot;,0.0],UNIT[&amp;quot;Degree&amp;quot;,0.0174532925199433]],PROJECTION[&amp;quot;Lambert_Azimuthal_Equal_Area&amp;quot;],PARAMETER[&amp;quot;False_Easting&amp;quot;,0.0],PARAMETER[&amp;quot;False_Northing&amp;quot;,0.0],PARAMETER[&amp;quot;Central_Meridian&amp;quot;,0.0],PARAMETER[&amp;quot;Latitude_Of_Origin&amp;quot;,90.0],UNIT[&amp;quot;Meter&amp;quot;,1.0],AUTHORITY[&amp;quot;Esri&amp;quot;,102017]]&lt;/WKT&gt;&lt;XOrigin&gt;-12742200&lt;/XOrigin&gt;&lt;YOrigin&gt;-12742200&lt;/YOrigin&gt;&lt;XYScale&gt;353439722.13357937&lt;/XYScale&gt;&lt;ZOrigin&gt;-100000&lt;/ZOrigin&gt;&lt;ZScale&gt;10000&lt;/ZScale&gt;&lt;MOrigin&gt;-100000&lt;/MOrigin&gt;&lt;MScale&gt;10000&lt;/MScale&gt;&lt;XYTolerance&gt;0.001&lt;/XYTolerance&gt;&lt;ZTolerance&gt;0.001&lt;/ZTolerance&gt;&lt;MTolerance&gt;0.001&lt;/MTolerance&gt;&lt;HighPrecision&gt;true&lt;/HighPrecision&gt;&lt;WKID&gt;102017&lt;/WKID&gt;&lt;LatestWKID&gt;102017&lt;/LatestWKID&gt;&lt;/ProjectedCoordinateSystem&gt;</peXml></coordRef><lineage><Process ToolSource="c:\program files (x86)\arcgis\desktop10.4\ArcToolbox\Toolboxes\Analysis Tools.tbx\Clip" Date="20161014" Time="121717">Clip Permafrost_AK_2008_nplaea N:\geo6\HGF_Boike\ALERT\09_gtopo30\srtm0to300diss_nplaea.shp N:\geo6\HGF_Boike\ALERT\PeRL\02_data\regional_permafrost_maps\Alaska\02_processed_data\03_clip\Permafrost_AK_2008_clip.shp #</Process><Process ToolSource="c:\program files (x86)\arcgis\desktop10.4\ArcToolbox\Toolboxes\Data Management Tools.tbx\CalculateField" Date="20161014" Time="121822">CalculateField Permafrost_AK_2008_clip GROUND_ICE "&gt;40" VB #</Process><Process ToolSource="c:\program files (x86)\arcgis\desktop10.4\ArcToolbox\Toolboxes\Data Management Tools.tbx\CalculateField" Date="20161014" Time="121855">CalculateField Permafrost_AK_2008_clip GROUND_ICE "10-40" VB #</Process><Process ToolSource="c:\program files (x86)\arcgis\desktop10.4\ArcToolbox\Toolboxes\Data Management Tools.tbx\CalculateField" Date="20161014" Time="121932">CalculateField Permafrost_AK_2008_clip GROUND_ICE "&lt;10" VB #</Process><Process ToolSource="c:\program files (x86)\arcgis\desktop10.4\ArcToolbox\Toolboxes\Data Management Tools.tbx\CalculateField" Date="20161014" Time="122037">CalculateField Permafrost_AK_2008_clip LITHOLOGY [TEXTURE] VB #</Process><Process ToolSource="c:\program files (x86)\arcgis\desktop10.4\ArcToolbox\Toolboxes\Data Management Tools.tbx\CalculateField" Date="20161014" Time="122504">CalculateField Permafrost_AK_2008_clip GROUND_ICE "variable" VB #</Process><Process ToolSource="c:\program files (x86)\arcgis\desktop10.4\ArcToolbox\Toolboxes\Data Management Tools.tbx\CalculateField" Date="20161014" Time="122717">CalculateField Permafrost_AK_2008_clip GEN_GEOL [AGGRDEPOS] VB #</Process><Process ToolSource="c:\program files (x86)\arcgis\desktop10.4\ArcToolbox\Toolboxes\Data Management Tools.tbx\CalculateField" Date="20161014" Time="122905">CalculateField Permafrost_AK_2008_clip PERMA_LAND "[PF_EXTENT]+"/" +[GROUND_ICE]+"/" + [GEN_GEOL]+"/" + [LITHOLOGY]" VB #</Process><Process ToolSource="c:\program files (x86)\arcgis\desktop10.4\ArcToolbox\Toolboxes\Data Management Tools.tbx\CalculateField" Date="20161014" Time="135338">CalculateField alaska_perma_land_v15 ECOZONE "Bering Taiga" VB #</Process><Process ToolSource="c:\program files (x86)\arcgis\desktop10.4\ArcToolbox\Toolboxes\Data Management Tools.tbx\CalculateField" Date="20161014" Time="135505">CalculateField alaska_perma_land_v15 ECOZONE "Aleutian Meadows" VB #</Process><Process ToolSource="c:\program files (x86)\arcgis\desktop10.4\ArcToolbox\Toolboxes\Data Management Tools.tbx\CalculateField" Date="20161014" Time="135609">CalculateField alaska_perma_land_v15 ECOZONE "Alaska Range Transition" VB #</Process><Process ToolSource="c:\program files (x86)\arcgis\desktop10.4\ArcToolbox\Toolboxes\Data Management Tools.tbx\CalculateField" Date="20161014" Time="135924">CalculateField alaska_perma_land_v15 ECOZONE "Arctic Tundra" VB #</Process><Process ToolSource="c:\program files (x86)\arcgis\desktop10.4\ArcToolbox\Toolboxes\Data Management Tools.tbx\CalculateField" Date="20161014" Time="140033">CalculateField alaska_perma_land_v15 ECOZONE "Bering Tundra" VB #</Process><Process ToolSource="c:\program files (x86)\arcgis\desktop10.4\ArcToolbox\Toolboxes\Data Management Tools.tbx\CalculateField" Date="20161014" Time="140152">CalculateField alaska_perma_land_v15 ECOZONE "Bering Taiga" VB #</Process><Process ToolSource="c:\program files (x86)\arcgis\desktop10.4\ArcToolbox\Toolboxes\Data Management Tools.tbx\CalculateField" Date="20161014" Time="140305">CalculateField alaska_perma_land_v15 ECOZONE "Arctic Tundra" VB #</Process><Process ToolSource="c:\program files (x86)\arcgis\desktop10.4\ArcToolbox\Toolboxes\Data Management Tools.tbx\CalculateField" Date="20161014" Time="140421">CalculateField alaska_perma_land_v15 ECOZONE "Arctic Tundra" VB #</Process><Process ToolSource="c:\program files (x86)\arcgis\desktop10.4\ArcToolbox\Toolboxes\Data Management Tools.tbx\CalculateField" Date="20161014" Time="141110">CalculateField alaska_perma_land_v15 ECOZONE "Coastal Rainforests" VB #</Process><Process ToolSource="c:\program files (x86)\arcgis\desktop10.4\ArcToolbox\Toolboxes\Data Management Tools.tbx\CalculateField" Date="20161014" Time="141329">CalculateField alaska_perma_land_v15 ECOZONE "Alaska Range Transition" VB #</Process><Process ToolSource="c:\program files (x86)\arcgis\desktop10.4\ArcToolbox\Toolboxes\Data Management Tools.tbx\CalculateField" Date="20161014" Time="141408">CalculateField alaska_perma_land_v15 ECOZONE "Pacific Mountains Transition" VB #</Process><Process ToolSource="c:\program files (x86)\arcgis\desktop10.4\ArcToolbox\Toolboxes\Data Management Tools.tbx\CalculateField" Date="20161014" Time="141457">CalculateField alaska_perma_land_v15 ECOZONE "Intermontane Boreal" VB #</Process><Process ToolSource="c:\program files (x86)\arcgis\desktop10.4\ArcToolbox\Toolboxes\Data Management Tools.tbx\CalculateField" Date="20161014" Time="141617">CalculateField alaska_perma_land_v15 ECOZONE "Intermontane Boreal" VB #</Process><Process ToolSource="c:\program files (x86)\arcgis\desktop10.4\ArcToolbox\Toolboxes\Data Management Tools.tbx\CalculateField" Date="20161014" Time="142007">CalculateField alaska_perma_land_v15 ECOZONE "Bering Tundra" VB #</Process><Process ToolSource="c:\program files (x86)\arcgis\desktop10.4\ArcToolbox\Toolboxes\Data Management Tools.tbx\CalculateField" Date="20161014" Time="142145">CalculateField alaska_perma_land_v15 ECOZONE "Intermontane Boreal" VB #</Process><Process ToolSource="c:\program files (x86)\arcgis\desktop10.4\ArcToolbox\Toolboxes\Data Management Tools.tbx\CalculateField" Date="20161014" Time="142228">CalculateField alaska_perma_land_v15 ECOZONE "Alaska Range Transition" VB #</Process><Process ToolSource="c:\program files (x86)\arcgis\desktop10.4\ArcToolbox\Toolboxes\Data Management Tools.tbx\CalculateField" Date="20161014" Time="142318">CalculateField alaska_perma_land_v15 ECOZONE "Intermontane Boreal" VB #</Process><Process ToolSource="c:\program files (x86)\arcgis\desktop10.4\ArcToolbox\Toolboxes\Data Management Tools.tbx\CalculateField" Date="20161014" Time="142414">CalculateField alaska_perma_land_v15 ECOZONE "Bering Taiga" VB #</Process><Process ToolSource="c:\program files (x86)\arcgis\desktop10.4\ArcToolbox\Toolboxes\Data Management Tools.tbx\CalculateField" Date="20161014" Time="142452">CalculateField alaska_perma_land_v15 ECOZONE "Intermontane Boreal" VB #</Process><Process ToolSource="c:\program files (x86)\arcgis\desktop10.4\ArcToolbox\Toolboxes\Data Management Tools.tbx\CalculateField" Date="20161014" Time="142536">CalculateField alaska_perma_land_v15 ECOZONE "Bering Tundra" VB #</Process><Process ToolSource="c:\program files (x86)\arcgis\desktop10.4\ArcToolbox\Toolboxes\Data Management Tools.tbx\CalculateField" Date="20161014" Time="142627">CalculateField alaska_perma_land_v15 ECOZONE "Intermontane Boreal" VB #</Process><Process ToolSource="c:\program files (x86)\arcgis\desktop10.4\ArcToolbox\Toolboxes\Data Management Tools.tbx\CalculateField" Date="20161014" Time="142721">CalculateField alaska_perma_land_v15 ECOZONE "Intermontane Boreal" VB #</Process><Process ToolSource="c:\program files (x86)\arcgis\desktop10.4\ArcToolbox\Toolboxes\Data Management Tools.tbx\CalculateField" Date="20161014" Time="142750">CalculateField alaska_perma_land_v15 ECOZONE "Intermontane Boreal" VB #</Process><Process ToolSource="c:\program files (x86)\arcgis\desktop10.4\ArcToolbox\Toolboxes\Data Management Tools.tbx\CalculateField" Date="20161014" Time="142816">CalculateField alaska_perma_land_v15 ECOZONE "Intermontane Boreal" VB #</Process><Process ToolSource="c:\program files (x86)\arcgis\desktop10.4\ArcToolbox\Toolboxes\Data Management Tools.tbx\CalculateField" Date="20161014" Time="142909">CalculateField alaska_perma_land_v15 ECOZONE "Bering Taiga" VB #</Process><Process ToolSource="c:\program files (x86)\arcgis\desktop10.4\ArcToolbox\Toolboxes\Data Management Tools.tbx\CalculateField" Date="20161014" Time="144337">CalculateField alaska_perma_land_v15 COUNID 3 VB #</Process><Process ToolSource="c:\program files (x86)\arcgis\desktop10.4\ArcToolbox\Toolboxes\Data Management Tools.tbx\CalculateField" Date="20161014" Time="144413">CalculateField alaska_perma_land_v15 POLYID [FID]+1 VB #</Process><Process ToolSource="c:\program files (x86)\arcgis\desktop10.4\ArcToolbox\Toolboxes\Data Management Tools.tbx\CalculateField" Date="20161014" Time="144520">CalculateField alaska_perma_land_v15 PERMID "[COUNID] *100000000 + [POLYID] *1000 + [ECOZID]" VB #</Process><Process ToolSource="c:\program files (x86)\arcgis\desktop10.4\ArcToolbox\Toolboxes\Data Management Tools.tbx\MultipartToSinglepart" Date="20161014" Time="145759">MultipartToSinglepart alaska_perma_land_v15 N:\geo6\HGF_Boike\ALERT\PeRL\02_data\regional_permafrost_maps\Alaska\03_final_map\alaska_perma_land_v15_mul.shp</Process><Process ToolSource="c:\program files (x86)\arcgis\desktop10.4\ArcToolbox\Toolboxes\Data Management Tools.tbx\CalculateField" Date="20161014" Time="145837">CalculateField alaska_perma_land_v15_mul POLYID "[FID] +1" VB #</Process><Process ToolSource="c:\program files (x86)\arcgis\desktop10.4\ArcToolbox\Toolboxes\Data Management Tools.tbx\CalculateField" Date="20161014" Time="145936">CalculateField alaska_perma_land_v15_mul PERMID "[COUNID] *100000000 + [POLYID] *1000 + [ECOZID]" VB #</Process></lineage><copyHistory><copy source="N:\geo6\HGF_Boike\ALERT\PeRL\02_data\regional_permafrost_maps\Alaska\03_final_map\alaska_perma_land_v15_mul" dest="\\dmawi\potsdam\data\geo6\HGF_Boike\ALERT\PeRL\02_data\regional_permafrost_maps\Alaska\02_processed_data\get_permid\alaska_perma_land_v15_mul" date="20161014" time="15045900"></copy></copyHistory></DataProperties></Esri><mdDateSt Sync="TRUE">20161110</mdDateSt><dataIdInfo><envirDesc Sync="TRUE"> Version 6.2 (Build 9200) ; Esri ArcGIS 10.4.0.5524</envirDesc><dataLang><languageCode Sync="TRUE" value="eng"></languageCode><countryCode value="USA" Sync="TRUE"></countryCode></dataLang><idCitation><resTitle>Permafrost Characteristics of Alaska</resTitle><presForm><PresFormCd Sync="TRUE" value="005"></PresFormCd></presForm><resRefDate><refDate></refDate><refDateType><DateTypCd value="001"></DateTypCd></refDateType></resRefDate></idCitation><spatRpType><SpatRepTypCd Sync="TRUE" value="001"></SpatRepTypCd></spatRpType><dataExt><geoEle><GeoBndBox esriExtentType="native"><westBL Sync="TRUE">-1725144.016587</westBL><eastBL Sync="TRUE">1491632.69822</eastBL><northBL Sync="TRUE">2378559.924016</northBL><southBL Sync="TRUE">410061.749838</southBL><exTypeCode Sync="TRUE">1</exTypeCode></GeoBndBox></geoEle></dataExt><geoBox esriExtentType="decdegrees"><westBL Sync="TRUE">-180</westBL><eastBL Sync="TRUE">180</eastBL><northBL Sync="TRUE">71.407147</northBL><southBL Sync="TRUE">50.757068</southBL><exTypeCode Sync="TRUE">1</exTypeCode></geoBox><idAbs>A new permafrost map of Alaska using a terrain-unit approach for mapping permafrost distribution and based on climate and surficial geology was presented in conjunction with the Ninth International Conference on Permafrost held at the University of Alaska, June 29 to July 3, 2008. This map represents the final revisions that were made in December 2008.   This is the third iteration of a permafrost map for Alaska, following the circum-arctic permafrost map (Brown et al. 1997), which made minor modifications to the initial map by Ferrians (1965).    Permafrost zones underlie 80% of Alaska, including continuous  (32%), discontinuous (31%), sporadic (8%), and isolated (10%) permafrost.  Glaciers and ice sheets occupy 4% of the area.  We coded the permafrost map with surficial geology, MAAT, primary soil texture, permafrost extent, ground ice volume, and primary thermokarst landforms.</idAbs><tpCat><TopicCatCd value="008"></TopicCatCd></tpCat><dataExt><geoEle><GeoBndBox esriExtentType="search"><exTypeCode Sync="TRUE">1</exTypeCode><westBL Sync="TRUE">-173.481508</westBL><eastBL Sync="TRUE">-132.613012</eastBL><northBL Sync="TRUE">73.835824</northBL><southBL Sync="TRUE">54.504612</southBL></GeoBndBox></geoEle></dataExt></dataIdInfo><mdLang><languageCode Sync="TRUE" value="eng"></languageCode><countryCode value="USA" Sync="TRUE"></countryCode></mdLang><mdStanName Sync="TRUE">ISO 19115 Geographic Information - Metadata</mdStanName><mdStanVer Sync="TRUE">DIS_ESRI1.0</mdStanVer><mdChar><CharSetCd Sync="TRUE" value="004"></CharSetCd></mdChar><mdHrLv><ScopeCd Sync="TRUE" value="005"></ScopeCd></mdHrLv><mdHrLvName Sync="TRUE">dataset</mdHrLvName><distInfo><distributor><distorTran><onLineSrc><orDesc Sync="TRUE">002</orDesc><linkage Sync="TRUE">file://\\GEOGRAPH-1D2F3D\F\torredata\Permafrost_AK_2008_AlbAK83.shp</linkage><protocol Sync="TRUE">Local Area Network</protocol></onLineSrc><transSize Sync="TRUE">15.673</transSize></distorTran><distorFormat><formatName>ESRI data format, dependent upon request</formatName><formatVer>9.3</formatVer></distorFormat><distorCont><rpOrgName>Alaska Ecoscience</rpOrgName><rpIndName>Torre Jorgenson</rpIndName><rpPosName>Lead</rpPosName><rpCntInfo><cntAddress><delPoint>2332 Cordes Way</delPoint><city>Fairbanks</city><adminArea>Alaska</adminArea><postCode>99709</postCode><eMailAdd>ecosience@alaska.net</eMailAdd></cntAddress><cntPhone><voiceNum>Please contact us via email.</voiceNum><faxNum></faxNum></cntPhone></rpCntInfo><role><RoleCd value="005"></RoleCd></role></distorCont></distributor><distFormat><formatName Sync="TRUE">Shapefile</formatName></distFormat><distTranOps><transSize Sync="TRUE">7.616</transSize></distTranOps></distInfo><refSysInfo><RefSystem><refSysID><identCode Sync="TRUE" code="102017">NAD_1983_Alaska_Albers</identCode><idCodeSpace Sync="TRUE">Esri</idCodeSpace><idVersion Sync="TRUE">4.0.0</idVersion></refSysID></RefSystem></refSysInfo><spatRepInfo><VectSpatRep><geometObjs Name="alaska_perma_land"><geoObjTyp><GeoObjTypCd value="002" Sync="TRUE"></GeoObjTypCd></geoObjTyp><geoObjCnt Sync="TRUE">8991</geoObjCnt></geometObjs><topLvl><TopoLevCd value="001" Sync="TRUE"></TopoLevCd></topLvl></VectSpatRep></spatRepInfo><mdContact><rpOrgName>Alaska Ecoscience</rpOrgName><rpIndName>Torre Jorgenson</rpIndName><rpPosName>Lead</rpPosName><rpCntInfo><cntAddress><delPoint>2332 Cordes Way</delPoint><city>Fairbanks</city><adminArea>Alaska</adminArea><postCode>99709</postCode><eMailAdd>ecosience@alaska.net</eMailAdd></cntAddress><cntPhone><voiceNum>Please contact us via email.</voiceNum><faxNum></faxNum></cntPhone></rpCntInfo><role><RoleCd value="007"></RoleCd></role></mdContact></metadata>
